row,gold,pred
1,False,False
5,False,Partly True
22,False,Partly True
25,False,Partly True
26,False,False
27,False,Partly True
30,Mostly False,Partly True
33,False,Partly True
34,Mostly False,False
38,False,False
70,Mostly False,False
73,False,False
80,False,False
88,Mostly False,Mostly False
91,Mostly False,Mostly False
93,Mostly False,Mostly False
111,Mostly False,Mostly False
123,Partly True,False
135,Mostly False,Partly True
154,False,Partly True
158,False,False
161,False,Partly True
165,False,False
169,Partly True,False
171,False,False
178,Mostly False,Mostly False
182,Partly True,Mostly False
193,False,Partly True
200,False,Partly True
206,False,False
207,Mostly False,False
210,Mostly False,False
215,False,False
227,Mostly False,False
229,Mostly False,False
232,Partly True,False
235,False,False
241,False,Partly True
246,Mostly False,False
259,False,False
269,False,False
274,False,Partly True
277,Partly True,False
282,Mostly False,Partly True
286,False,False
287,False,False
303,Mostly False,Mostly False
312,Partly True,False
336,Mostly False,False
338,Partly True,False
341,Mostly False,False
346,False,False
347,False,Partly True
362,Mostly False,Mostly False
363,False,False
365,False,False
371,False,False
376,False,Partly True
377,False,False
390,False,Partly True
408,Mostly False,False
429,Mostly False,Partly True
439,Mostly False,False
441,Mostly False,False
451,Mostly False,False
455,False,Partly True
462,Partly True,False
463,Mostly False,False
468,False,False
478,False,False
495,False,False
502,False,False
512,False,False
517,Mostly False,Partly True
522,False,Partly True
536,Mostly False,False
543,False,False
549,False,False
563,False,False
568,False,Partly True
572,Mostly False,False
575,False,False
602,Partly True,False
605,False,False
609,False,False
630,Mostly False,False
632,Mostly False,False
633,Mostly False,False
638,Mostly False,False
639,Mostly False,False
668,Mostly False,False
672,Partly True,False
673,False,Partly True
674,False,False
690,False,Partly True
699,False,False
705,False,False
723,False,Partly True
724,False,False
726,Mostly False,False
728,False,False
734,False,False
749,Mostly False,False
751,False,False
765,Mostly False,False
779,Mostly False,False
785,False,False
786,Partly True,False
794,False,Partly True
800,False,False
807,Partly True,False
812,Mostly False,False
818,False,Partly True
823,Mostly False,False
834,False,False
840,False,Partly True
844,False,Partly True
856,False,Partly True
858,Mostly False,Mostly False
867,Mostly False,False
875,Mostly False,Partly True
881,False,False
890,False,False
902,False,Partly True
915,False,False
920,Mostly False,Mostly False
928,Partly True,False
937,Mostly False,Partly True
942,False,False
946,False,Partly True
957,False,False
962,False,False
967,Mostly False,False
998,False,False
1003,False,False
1005,Mostly False,Partly True
1020,Mostly False,False
1027,False,False
1032,Mostly False,False
1035,False,False
1037,False,Partly True
1074,False,False
1076,Mostly False,Mostly False
1077,Mostly False,False
1087,Mostly False,Partly True
1104,False,False
1109,Mostly False,False
1111,Partly True,Partly True
1112,Mostly False,False
1115,False,Partly True
1120,Partly True,False
1126,False,False
1148,False,False
1178,Mostly False,False
1179,Mostly False,Partly True
1180,False,False
1181,False,False
1183,False,Partly True
1189,Mostly False,False
1190,False,False
1191,False,False
1192,False,False
1202,False,False
1204,Mostly False,False
1206,False,Partly True
1209,False,Partly True
1212,False,False
1232,Mostly False,Partly True
1243,Mostly False,False
1245,Partly True,False
1249,Mostly False,False
1258,Mostly False,False
1261,Partly True,Partly True
1262,Mostly False,False
1270,False,False
1280,False,False
1284,False,False
1289,False,Partly True
1303,False,False
1305,False,False
1312,False,Partly True
1324,False,False
1344,Mostly False,Partly True
1360,Partly True,Partly True
1375,Partly True,False
1377,Mostly False,False
1380,False,Partly True
1382,Partly True,False
1393,False,False
1394,Mostly False,False
1406,False,False
1420,Mostly False,False
1424,False,False
1425,Mostly False,False
1426,Mostly False,False
1431,False,Partly True
1446,False,False
1453,False,False
1456,Partly True,False
1457,Mostly False,Partly True
1458,Mostly False,False
1461,False,Partly True
1462,Mostly False,False
1478,False,Partly True
1495,False,Partly True
1498,Mostly False,Mostly False
1503,False,False
1508,Mostly False,False
1509,False,False
1526,Mostly False,False
1541,Mostly False,False
1542,Mostly False,Partly True
1544,Mostly False,False
1558,False,False
1561,False,False
1563,False,False
1567,Partly True,False
1575,False,False
1581,False,Partly True
1598,False,False
1601,False,False
1610,False,False
1629,False,Partly True
1647,Mostly False,False
1655,False,False
1666,Mostly False,False
1676,False,False
1689,Partly True,False
1698,Mostly False,False
1700,False,False
1704,Mostly False,False
1713,False,False
1730,Partly True,False
1750,False,False
1754,False,Partly True
1757,False,False
1781,False,False
1792,Mostly False,False
1796,False,Partly True
1809,Partly True,False
1816,False,False
1824,False,False
1835,False,False
1847,Mostly False,False
1849,False,False
1851,Mostly False,False
1854,False,False
1856,False,Partly True
1859,False,Partly True
1863,False,False
1864,Mostly False,False
1875,False,Partly True
1876,Mostly False,Partly True
1881,Mostly False,False
1886,False,False
1892,Mostly False,False
1897,Mostly False,False
1909,False,False
1911,Mostly False,False
1912,Mostly False,False
1917,False,False
1919,Mostly False,False
1930,Mostly False,Partly True
1931,False,Partly True
1941,False,False
1945,Mostly False,Partly True
1947,Mostly False,False
1948,False,False
1952,False,False
1954,False,False
1956,Mostly False,Partly True
1960,Mostly False,False
1965,False,False
1977,False,False
1979,False,False
1981,Partly True,False
1983,Mostly False,False
1985,Mostly False,Partly True
1990,Mostly False,False
1991,Partly True,False
1993,False,Partly True
1996,Partly True,False
1997,Mostly False,Partly True
2018,False,Partly True
2028,Mostly False,False
2032,Partly True,False
2033,Mostly False,False
2038,False,Partly True
2050,False,Partly True
2055,Mostly False,False
2069,False,False
2082,False,False
2085,False,False
2090,False,False
2099,Mostly False,False
2114,False,False
2115,False,False
2117,Partly True,False
2118,Mostly False,False
2124,Mostly False,Mostly False
2128,False,False
2146,False,False
2149,Mostly False,False
2153,Partly True,False
2171,Mostly False,False
2173,Partly True,False
2184,False,False
2187,Mostly False,False
2188,Mostly False,False
2197,False,Partly True
2201,False,False
2206,False,False
2208,False,False
2216,False,False
2218,Mostly False,Partly True
2220,False,False
2233,False,False
2245,Partly True,Partly True
2247,False,Partly True
2256,Partly True,Partly True
2265,Mostly False,False
2271,Mostly False,False
2284,False,Partly True
2285,Mostly False,False
2289,Mostly False,False
2291,False,False
2292,Mostly False,False
2302,False,False
2319,False,False
2322,Mostly False,Mostly False
2323,Mostly False,False
2327,Partly True,False
2333,False,Partly True
2336,Partly True,False
2338,False,Partly True
2339,Partly True,Partly True
2341,False,False
2345,Mostly False,False
2348,Mostly False,False
2349,Mostly False,False
2356,False,False
2359,False,False
2361,False,False
2363,Mostly False,False
2364,False,False
2374,Mostly False,Partly True
2381,Mostly False,False
2382,False,Partly True
2386,False,Partly True
2392,Mostly False,False
2402,Partly True,False
2412,False,Partly True
2419,False,False
2422,Mostly False,Partly True
2426,False,Partly True
2429,Mostly False,False
2443,Mostly False,False
2457,False,False
2463,False,False
2466,Mostly False,Partly True
2478,False,Partly True
2479,False,False
2489,Mostly False,False
2490,False,False
2500,Mostly False,False
2504,False,False
2508,False,False
2514,False,False
2519,False,False
2540,False,False
2542,False,False
2543,False,False
2546,False,False
2548,Mostly False,False
2550,False,False
2552,False,False
2556,False,False
2575,False,Partly True
2583,False,False
2585,False,False
2589,False,False
2590,False,False
2591,False,False
2601,False,Partly True
2602,False,False
2603,Mostly False,False
2605,Partly True,False
2616,False,False
2617,False,False
2620,Mostly False,False
2623,Mostly False,False
2625,False,False
2639,Mostly False,False
2640,False,False
2647,False,Partly True
2648,Mostly False,Partly True
2658,False,False
2659,Mostly False,False
2666,Mostly False,False
2680,Mostly False,Mostly False
2683,False,False
2685,False,False
2686,False,False
2690,Mostly False,False
2701,False,Partly True
2704,False,Partly True
2706,False,False
2712,Mostly False,False
2720,False,Partly True
2739,False,Partly True
2740,Mostly False,Partly True
2743,False,Partly True
