row,gold,pred,raw
1,False,False,False
5,False,False,False
22,False,False,False
25,False,False,False
26,False,False,False
27,False,False,False
30,Mostly False,False,False
33,False,False,False
34,Mostly False,False,False
38,False,False,False
70,Mostly False,False,False
73,False,False,False
80,False,False,False
88,Mostly False,False,False
91,Mostly False,Mostly False,Mostly False
93,Mostly False,Mostly False,Mostly False
111,Mostly False,Mostly False,Mostly False
123,Partly True,Mostly False,Mostly False
135,Mostly False,False,False
154,False,False,False
158,False,False,False
161,False,False,False
165,False,False,False
169,Partly True,Partly True,Partly True
171,False,False,False
178,Mostly False,False,False
182,Partly True,Mostly False,Mostly False
193,False,False,False
200,False,False,False
206,False,False,False
207,Mostly False,False,False
210,Mostly False,Mostly False,Mostly False
215,False,False,False
227,Mostly False,False,False
229,Mostly False,Mostly False,Mostly False
232,Partly True,Partly True,Partly True
235,False,False,False
241,False,False,False
246,Mostly False,False,False
259,False,False,False
269,False,False,False
274,False,False,False
277,Partly True,Mostly False,Mostly False
282,Mostly False,False,False
286,False,False,False
287,False,False,False
303,Mostly False,Mostly False,Mostly False
312,Partly True,Mostly False,Mostly False
336,Mostly False,False,False
338,Partly True,Mostly False,Mostly False
341,Mostly False,Mostly False,Mostly False
346,False,False,False
347,False,False,False
362,Mostly False,Mostly False,Mostly False
363,False,False,False
365,False,False,False
371,False,False,False
376,False,Mostly False,Mostly False
377,False,False,False
390,False,False,False
408,Mostly False,Partly True,Partly True
429,Mostly False,Mostly False,Mostly False
439,Mostly False,Mostly False,Mostly False
441,Mostly False,False,False
451,Mostly False,False,False
455,False,False,False
462,Partly True,False,False
463,Mostly False,False,False
468,False,False,False
478,False,False,False
495,False,False,False
502,False,False,False
512,False,False,False
517,Mostly False,False,False
522,False,False,False
536,Mostly False,Mostly False,Mostly False
543,False,False,False
549,False,Mostly False,Mostly False
563,False,False,False
568,False,Mostly False,Mostly False
572,Mostly False,False,False
575,False,False,False
602,Partly True,False,False
605,False,False,False
609,False,False,False
630,Mostly False,False,False
632,Mostly False,False,False
633,Mostly False,False,False
638,Mostly False,Mostly False,Mostly False
639,Mostly False,False,False
668,Mostly False,Mostly False,Mostly False
672,Partly True,Partly True,Partly True
673,False,False,False
674,False,False,False
690,False,False,False
699,False,False,False
705,False,False,False
723,False,False,False
724,False,False,False
726,Mostly False,False,False
728,False,False,False
734,False,Mostly False,Mostly False
749,Mostly False,False,False
751,False,False,False
765,Mostly False,False,False
779,Mostly False,Mostly False,Mostly False
785,False,False,False
786,Partly True,Partly True,Partly True
794,False,False,False
800,False,False,False
807,Partly True,Mostly False,Mostly False
812,Mostly False,Mostly False,Mostly False
818,False,False,False
823,Mostly False,False,False
834,False,False,False
840,False,Mostly False,Mostly False
844,False,False,False
856,False,False,False
858,Mostly False,False,False
867,Mostly False,Mostly False,Mostly False
875,Mostly False,Mostly False,Mostly False
881,False,Mostly False,Mostly False
890,False,False,False
902,False,False,False
915,False,False,False
920,Mostly False,Mostly False,Mostly False
928,Partly True,Mostly False,Mostly False
937,Mostly False,False,False
942,False,False,False
946,False,False,False
957,False,False,False
962,False,False,False
967,Mostly False,Mostly False,Mostly False
998,False,False,False
1003,False,Mostly False,Mostly False
1005,Mostly False,False,False
1020,Mostly False,Mostly False,Mostly False
1027,False,False,False
1032,Mostly False,False,False
1035,False,Mostly False,Mostly False
1037,False,False,False
1074,False,False,False
1076,Mostly False,Mostly False,Mostly False
1077,Mostly False,False,False
1087,Mostly False,Mostly False,Mostly False
1104,False,False,False
1109,Mostly False,Partly True,Partly True
1111,Partly True,Mostly False,Mostly False
1112,Mostly False,Mostly False,Mostly False
1115,False,False,False
1120,Partly True,False,False
1126,False,False,False
1148,False,False,False
1178,Mostly False,Mostly False,Mostly False
1179,Mostly False,Mostly False,Mostly False
1180,False,False,False
1181,False,False,False
1183,False,False,False
1189,Mostly False,Mostly False,Mostly False
1190,False,False,False
1191,False,False,False
1192,False,False,False
1202,False,False,False
1204,Mostly False,False,False
1206,False,False,False
1209,False,False,False
1212,False,False,False
1232,Mostly False,Mostly False,Mostly False
1243,Mostly False,Mostly False,Mostly False
1245,Partly True,Mostly False,Mostly False
1249,Mostly False,Mostly False,Mostly False
1258,Mostly False,False,False
1261,Partly True,Partly True,Partly True
1262,Mostly False,False,False
1270,False,False,False
1280,False,False,False
1284,False,Mostly False,Mostly False
1289,False,False,False
1303,False,False,False
1305,False,False,False
1312,False,False,False
1324,False,False,False
1344,Mostly False,Mostly False,Mostly False
1360,Partly True,False,False
1375,Partly True,Mostly False,Mostly False
1377,Mostly False,False,False
1380,False,False,False
1382,Partly True,False,False
1393,False,False,False
1394,Mostly False,False,False
1406,False,False,False
1420,Mostly False,False,False
1424,False,Mostly False,Mostly False
1425,Mostly False,False,False
1426,Mostly False,Mostly False,Mostly False
1431,False,False,False
1446,False,False,False
1453,False,False,False
1456,Partly True,Mostly False,Mostly False
1457,Mostly False,Mostly False,Mostly False
1458,Mostly False,False,False
1461,False,False,False
1462,Mostly False,Mostly False,Mostly False
1478,False,False,False
1495,False,False,False
1498,Mostly False,False,False
1503,False,False,False
1508,Mostly False,Mostly False,Mostly False
1509,False,False,False
1526,Mostly False,False,False
1541,Mostly False,False,False
1542,Mostly False,Mostly False,Mostly False
1544,Mostly False,False,False
1558,False,False,False
1561,False,Mostly False,Mostly False
1563,False,False,False
1567,Partly True,False,False
1575,False,False,False
1581,False,False,False
1598,False,False,False
1601,False,False,False
1610,False,False,False
1629,False,False,False
1647,Mostly False,False,False
1655,False,False,False
1666,Mostly False,False,False
1676,False,False,False
1689,Partly True,Partly True,Partly True
1698,Mostly False,Mostly False,Mostly False
1700,False,False,False
1704,Mostly False,False,False
1713,False,False,False
1730,Partly True,Mostly False,Mostly False
1750,False,False,False
1754,False,False,False
1757,False,False,False
1781,False,False,False
1792,Mostly False,False,False
1796,False,False,False
1809,Partly True,Partly True,Partly True
1816,False,False,False
1824,False,False,False
1835,False,False,False
1847,Mostly False,False,False
1849,False,False,False
1851,Mostly False,Mostly False,Mostly False
1854,False,False,False
1856,False,False,False
1859,False,False,False
1863,False,False,False
1864,Mostly False,False,False
1875,False,Mostly False,Mostly False
1876,Mostly False,Mostly False,Mostly False
1881,Mostly False,Mostly False,Mostly False
1886,False,False,False
1892,Mostly False,False,False
1897,Mostly False,Mostly False,Mostly False
1909,False,Mostly False,Mostly False
1911,Mostly False,Partly True,Partly True
1912,Mostly False,Mostly False,Mostly False
1917,False,False,False
1919,Mostly False,False,False
1930,Mostly False,False,False
1931,False,False,False
1941,False,False,False
1945,Mostly False,False,False
1947,Mostly False,Partly True,Partly True
1948,False,False,False
1952,False,Mostly False,Mostly False
1954,False,False,False
1956,Mostly False,Mostly False,Mostly False
1960,Mostly False,False,False
1965,False,False,False
1977,False,False,False
1979,False,False,False
1981,Partly True,Partly True,Partly True
1983,Mostly False,Mostly False,Mostly False
1985,Mostly False,Partly True,Partly True
1990,Mostly False,False,False
1991,Partly True,Mostly False,Mostly False
1993,False,False,False
1996,Partly True,Mostly False,Mostly False
1997,Mostly False,False,False
2018,False,False,False
2028,Mostly False,Mostly False,Mostly False
2032,Partly True,Mostly False,Mostly False
2033,Mostly False,False,False
2038,False,False,False
2050,False,False,False
2055,Mostly False,Mostly False,Mostly False
2069,False,False,False
2082,False,False,False
2085,False,False,False
2090,False,False,False
2099,Mostly False,Mostly False,Mostly False
2114,False,False,False
2115,False,False,False
2117,Partly True,False,False
2118,Mostly False,Partly True,Partly True
2124,Mostly False,False,False
2128,False,Mostly False,Mostly False
2146,False,False,False
2149,Mostly False,False,False
2153,Partly True,Mostly False,Mostly False
2171,Mostly False,False,False
2173,Partly True,False,False
2184,False,False,False
2187,Mostly False,False,False
2188,Mostly False,False,False
2197,False,False,False
2201,False,False,False
2206,False,False,False
2208,False,False,False
2216,False,False,False
2218,Mostly False,False,False
2220,False,False,False
2233,False,False,False
2245,Partly True,Partly True,Partly True
2247,False,False,False
2256,Partly True,Partly True,Partly True
2265,Mostly False,Mostly False,Mostly False
2271,Mostly False,Mostly False,Mostly False
2284,False,False,False
2285,Mostly False,False,False
2289,Mostly False,Partly True,Partly True
2291,False,Mostly False,Mostly False
2292,Mostly False,False,False
2302,False,False,False
2319,False,False,False
2322,Mostly False,Mostly False,Mostly False
2323,Mostly False,Mostly False,Mostly False
2327,Partly True,False,False
2333,False,False,False
2336,Partly True,Partly True,Partly True
2338,False,False,False
2339,Partly True,Partly True,Partly True
2341,False,False,False
2345,Mostly False,Mostly False,Mostly False
2348,Mostly False,Mostly False,Mostly False
2349,Mostly False,False,False
2356,False,False,False
2359,False,False,False
2361,False,False,False
2363,Mostly False,False,False
2364,False,False,False
2374,Mostly False,False,False
2381,Mostly False,Mostly False,Mostly False
2382,False,False,False
2386,False,False,False
2392,Mostly False,False,False
2402,Partly True,Partly True,Partly True
2412,False,False,False
2419,False,False,False
2422,Mostly False,False,False
2426,False,False,False
2429,Mostly False,False,False
2443,Mostly False,False,False
2457,False,False,False
2463,False,False,False
2466,Mostly False,Mostly False,Mostly False
2478,False,Mostly False,Mostly False
2479,False,False,False
2489,Mostly False,False,False
2490,False,False,False
2500,Mostly False,Mostly False,Mostly False
2504,False,False,False
2508,False,False,False
2514,False,False,False
2519,False,False,False
2540,False,False,False
2542,False,False,False
2543,False,False,False
2546,False,False,False
2548,Mostly False,Mostly False,Mostly False
2550,False,False,False
2552,False,False,False
2556,False,False,False
2575,False,False,False
2583,False,False,False
2585,False,False,False
2589,False,False,False
2590,False,False,False
2591,False,False,False
2601,False,False,False
2602,False,False,False
2603,Mostly False,False,False
2605,Partly True,False,False
2616,False,Mostly False,Mostly False
2617,False,False,False
2620,Mostly False,False,False
2623,Mostly False,Mostly False,Mostly False
2625,False,False,False
2639,Mostly False,Partly True,Partly True
2640,False,False,False
2647,False,False,False
2648,Mostly False,False,False
2658,False,False,False
2659,Mostly False,False,False
2666,Mostly False,False,False
2680,Mostly False,False,False
2683,False,False,False
2685,False,False,False
2686,False,False,False
2690,Mostly False,False,False
2701,False,False,False
2704,False,False,False
2706,False,False,False
2712,Mostly False,Mostly False,Mostly False
2720,False,False,False
2739,False,False,False
2740,Mostly False,False,False
2743,False,False,False
