sample_id,row,id,label,split,is_targeted,targeted_reason
S001,2345,MFCI-2347,Mostly False,test,False,random
S002,91,MFCI-0092,Mostly False,test,False,random
S003,2658,MFCI-2660,False,test,False,random
S004,946,MFCI-0947,False,test,False,random
S005,1715,MFCI-1716,Mostly False,train,True,verdict_boundary
S006,2686,MFCI-2688,False,test,False,random
S007,2118,MFCI-2120,Mostly False,test,False,random
S008,362,MFCI-0363,Mostly False,test,False,random
S009,2208,MFCI-2210,False,test,False,random
S010,1104,MFCI-1105,False,test,False,random
S011,1542,MFCI-1543,Mostly False,test,False,random
S012,633,MFCI-0634,Mostly False,test,False,random
S013,602,MFCI-0603,Partly True,test,False,random
S014,2701,MFCI-2703,False,test,False,random
S015,2218,MFCI-2220,Mostly False,test,True,consensus_error
S016,1231,MFCI-1232,Mostly False,train,True,tm_contradiction
S017,1917,MFCI-1919,False,test,False,random
S018,2500,MFCI-2502,Mostly False,test,False,random
S019,1033,MFCI-1034,False,dev,True,tm_contradiction
S020,1629,MFCI-1630,False,test,False,random
S021,1684,MFCI-1685,Mostly False,train,True,verdict_boundary
S022,1360,MFCI-1361,Partly True,test,False,random
S023,1981,MFCI-1983,Partly True,test,False,random
S024,751,MFCI-0752,False,test,False,random
S025,1003,MFCI-1004,False,test,True,consensus_error
S026,933,MFCI-0934,Mostly False,train,True,verdict_boundary
S027,2620,MFCI-2622,Mostly False,test,False,random
S028,2139,MFCI-2141,Mostly False,train,True,verdict_boundary
S029,1876,MFCI-1878,Mostly False,test,False,random
S030,1675,MFCI-1676,Mostly False,train,True,verdict_boundary
S031,2457,MFCI-2459,False,test,False,random
S032,1425,MFCI-1426,Mostly False,test,False,random
S033,29,MFCI-0030,Mostly False,train,True,verdict_boundary
S034,2690,MFCI-2692,Mostly False,test,False,random
S035,1204,MFCI-1205,Mostly False,test,False,random
S036,2033,MFCI-2035,Mostly False,test,False,random
S037,1394,MFCI-1395,Mostly False,test,False,random
S038,1608,MFCI-1609,Mostly False,train,True,verdict_boundary
S039,2050,MFCI-2052,False,test,False,random
S040,30,MFCI-0031,Mostly False,test,False,random
S041,1911,MFCI-1913,Mostly False,test,False,random
S042,1112,MFCI-1113,Mostly False,test,False,random
S043,1750,MFCI-1751,False,test,False,random
S044,1243,MFCI-1244,Mostly False,test,False,random
S045,1952,MFCI-1954,False,test,False,random
S046,2233,MFCI-2235,False,test,False,random
S047,376,MFCI-0377,False,test,False,random
S048,2648,MFCI-2650,Mostly False,test,True,consensus_error
S049,286,MFCI-0287,False,test,False,random
S050,1038,MFCI-1039,Mostly False,train,True,tm_contradiction
S051,455,MFCI-0456,False,test,False,random
S052,2220,MFCI-2222,False,test,False,random
S053,2666,MFCI-2668,Mostly False,test,False,random
S054,2706,MFCI-2708,False,test,False,random
S055,726,MFCI-0727,Mostly False,test,False,random
S056,1948,MFCI-1950,False,test,False,random
S057,2602,MFCI-2604,False,test,False,random
S058,1567,MFCI-1568,Partly True,test,False,random
S059,1945,MFCI-1947,Mostly False,test,False,random
S060,1077,MFCI-1078,Mostly False,test,False,random
S061,2392,MFCI-2394,Mostly False,test,False,random
S062,2720,MFCI-2722,False,test,False,random
S063,875,MFCI-0876,Mostly False,test,False,random
S064,2256,MFCI-2258,Partly True,test,False,random
S065,1575,MFCI-1576,False,test,False,random
S066,2659,MFCI-2661,Mostly False,test,True,consensus_error
S067,1577,MFCI-1578,Mostly False,train,True,verdict_boundary
S068,1180,MFCI-1181,False,test,False,random
S069,1828,MFCI-1830,Mostly False,train,True,verdict_boundary
S070,1120,MFCI-1121,Partly True,test,False,random
S071,2018,MFCI-2020,False,test,False,random
S072,2429,MFCI-2431,Mostly False,test,False,random
S073,1912,MFCI-1914,Mostly False,test,False,random
S074,1270,MFCI-1271,False,test,False,random
S075,2374,MFCI-2376,Mostly False,test,False,random
S076,111,MFCI-0112,Mostly False,test,False,random
S077,1698,MFCI-1699,Mostly False,test,False,random
S078,1406,MFCI-1407,False,test,False,random
S079,27,MFCI-0028,False,test,False,random
S080,161,MFCI-0162,False,test,False,random
S081,2347,MFCI-2349,Mostly False,train,True,tm_contradiction
S082,828,MFCI-0829,Mostly False,train,True,verdict_boundary
S083,2052,MFCI-2054,Mostly False,train,True,verdict_boundary
S084,1869,MFCI-1871,Mostly False,dev,True,verdict_boundary
S085,1598,MFCI-1599,False,test,False,random
S086,1979,MFCI-1981,False,test,False,random
S087,2625,MFCI-2627,False,test,False,random
S088,2173,MFCI-2175,Partly True,test,False,random
S089,2601,MFCI-2603,False,test,False,random
S090,734,MFCI-0735,False,test,False,random
S091,1318,MFCI-1319,Mostly False,train,True,verdict_boundary
S092,575,MFCI-0576,False,test,False,random
S093,2338,MFCI-2340,False,test,False,random
S094,2271,MFCI-2273,Mostly False,test,False,random
S095,1306,MFCI-1307,Mostly False,train,True,verdict_boundary
S096,94,MFCI-0095,False,train,True,tm_contradiction
S097,158,MFCI-0159,False,test,False,random
S098,644,MFCI-0645,Mostly False,train,True,verdict_boundary
S099,1344,MFCI-1345,Mostly False,test,False,random
S100,2206,MFCI-2208,False,test,False,random
S101,2028,MFCI-2030,Mostly False,test,False,random
S102,2302,MFCI-2304,False,test,False,random
S103,178,MFCI-0179,Mostly False,test,False,random
S104,441,MFCI-0442,Mostly False,test,True,verdict_boundary
S105,2364,MFCI-2366,False,test,False,random
S106,1312,MFCI-1313,False,test,False,random
S107,705,MFCI-0706,False,test,False,random
S108,2291,MFCI-2293,False,test,False,random
S109,1886,MFCI-1888,False,test,False,random
S110,320,MFCI-0321,Mostly False,dev,True,verdict_boundary
S111,1851,MFCI-1853,Mostly False,test,False,random
S112,26,MFCI-0027,False,test,False,random
S113,967,MFCI-0968,Mostly False,test,False,random
S114,211,MFCI-0212,Mostly False,train,True,verdict_boundary
S115,1027,MFCI-1028,False,test,False,random
S116,2395,MFCI-2397,False,dev,True,tm_contradiction
S117,215,MFCI-0216,False,test,False,random
S118,689,MFCI-0690,Mostly False,train,True,verdict_boundary
S119,1380,MFCI-1381,False,test,False,random
S120,1941,MFCI-1943,False,test,False,random
S121,1478,MFCI-1479,False,test,False,random
S122,2284,MFCI-2286,False,test,False,random
S123,2359,MFCI-2361,False,test,False,random
S124,1111,MFCI-1112,Partly True,test,True,consensus_error
S125,1864,MFCI-1866,Mostly False,test,False,random
S126,723,MFCI-0724,False,test,False,random
S127,2647,MFCI-2649,False,test,False,random
S128,210,MFCI-0211,Mostly False,test,False,random
S129,2740,MFCI-2742,Mostly False,test,False,random
S130,2051,MFCI-2053,False,train,True,tm_contradiction
S131,1859,MFCI-1861,False,test,False,random
S132,549,MFCI-0550,False,test,False,random
S133,1126,MFCI-1127,False,test,False,random
S134,786,MFCI-0787,Partly True,test,False,random
S135,2639,MFCI-2641,Mostly False,test,False,random
S136,1796,MFCI-1797,False,test,False,random
S137,56,MFCI-0057,Mostly False,dev,True,verdict_boundary
S138,246,MFCI-0247,Mostly False,test,False,random
S139,1522,MFCI-1523,Mostly False,train,True,verdict_boundary
S140,2743,MFCI-2745,False,test,False,random
S141,2591,MFCI-2593,False,test,False,random
S142,672,MFCI-0673,Partly True,test,False,random
S143,1754,MFCI-1755,False,test,False,random
S144,1375,MFCI-1376,Partly True,test,False,random
S145,333,MFCI-0334,Mostly False,train,True,verdict_boundary
S146,1283,MFCI-1284,Mostly False,train,True,verdict_boundary
S147,1109,MFCI-1110,Mostly False,test,False,random
S148,2083,MFCI-2085,Mostly False,train,True,verdict_boundary
S149,2055,MFCI-2057,Mostly False,test,False,random
S150,1994,MFCI-1996,False,train,True,tm_contradiction
S151,1432,MFCI-1433,Mostly False,train,True,verdict_boundary
S152,568,MFCI-0569,False,test,False,random
S153,1713,MFCI-1714,False,test,False,random
S154,1431,MFCI-1432,False,test,False,random
S155,2422,MFCI-2424,Mostly False,test,True,consensus_error
S156,1446,MFCI-1447,False,test,False,random
S157,1804,MFCI-1805,Mostly False,train,True,verdict_boundary
S158,303,MFCI-0304,Mostly False,test,False,random
S159,1005,MFCI-1006,Mostly False,test,False,random
S160,807,MFCI-0808,Partly True,test,False,random
S161,33,MFCI-0034,False,test,False,random
S162,1189,MFCI-1190,Mostly False,test,False,random
S163,2327,MFCI-2329,Partly True,test,True,consensus_error
S164,2265,MFCI-2267,Mostly False,test,False,random
S165,1456,MFCI-1457,Partly True,test,False,random
S166,1610,MFCI-1611,False,test,False,random
S167,2540,MFCI-2542,False,test,False,random
S168,702,MFCI-0703,Mostly False,train,True,verdict_boundary
S169,193,MFCI-0194,False,test,False,random
S170,336,MFCI-0337,Mostly False,test,False,random
S171,548,MFCI-0549,False,train,True,tm_contradiction
S172,856,MFCI-0857,False,test,False,random
S173,1561,MFCI-1562,False,test,False,random
S174,1977,MFCI-1979,False,test,False,random
S175,1212,MFCI-1213,False,test,False,random
S176,495,MFCI-0496,False,test,False,random
S177,2617,MFCI-2619,False,test,False,random
S178,2490,MFCI-2492,False,test,False,random
S179,1854,MFCI-1856,False,test,False,random
S180,976,MFCI-0977,Mostly False,dev,True,verdict_boundary
S181,1457,MFCI-1458,Mostly False,test,False,random
S182,1985,MFCI-1987,Mostly False,test,False,random
S183,1737,MFCI-1738,Mostly False,train,True,verdict_boundary
S184,2419,MFCI-2421,False,test,False,random
S185,508,MFCI-0509,Mostly False,train,True,verdict_boundary
S186,1996,MFCI-1998,Partly True,test,False,random
S187,605,MFCI-0606,False,test,False,random
S188,867,MFCI-0868,Mostly False,test,False,random
S189,1498,MFCI-1499,Mostly False,test,False,random
S190,1191,MFCI-1192,False,test,False,random
S191,2590,MFCI-2592,False,test,False,random
S192,2153,MFCI-2155,Partly True,test,False,random
S193,207,MFCI-0208,Mostly False,test,True,consensus_error
S194,1262,MFCI-1263,Mostly False,test,False,random
S195,1647,MFCI-1648,Mostly False,test,False,random
S196,384,MFCI-0385,False,train,True,tm_contradiction
S197,371,MFCI-0372,False,test,False,random
S198,2585,MFCI-2587,False,test,False,random
S199,2147,MFCI-2149,Mostly False,train,True,verdict_boundary
S200,1195,MFCI-1196,Mostly False,train,True,verdict_boundary
