sample_id,id,claim_text,annotator1_label,annotator2_label,notes
S001,MFCI-2347,"An Instagram post claims that eating Maggi can lead to issues like low blood levels (blood deficiency/anaemia), bone pain, memory loss (dementia), organ swelling (kidney or liver), and hearing difficulties.",Mostly False,Mostly False,
S002,MFCI-0092,"A Facebook post promotes an ""Under Eye Goat Milk Serum,"" claiming it can brighten the under-eye area, reduce dark circles, smooth fine lines, and eliminate puffiness. The product contains goat milk, vitamin E, and sweet almond oil.",Mostly False,Mostly False,
S003,MFCI-2660,So nothing happened to those who didn't take the Covid vaccine?,False,False,
S004,MFCI-0947,"Kidney stones can be removed in just 8 days using a home remedy of boiling one spoon each of Saunf (fennel), Ajwain (carom seeds), and Jeera (cumin) in a cup of water for 5–10 minutes, straining and taking on an empty stomach every morning, with a 100% guarantee of success.",False,False,
S005,MFCI-1716,Oxford University Study shows vaccinated healthcare workers carry 251 times viral load compared to unvaccinated,False,False,
S006,MFCI-2688,Keeping your hair wet after bathing will cause a cold.,False,False,
S007,MFCI-2120,Spirulina not only has other health benefits but also has the potential to kill cancer cells.,Mostly False,Mostly False,
S008,MFCI-0363,"An Instagram post suggests performing Paschimottanasana (Seated Forward Bend) for 30 seconds, ten times daily can reduce belly fat, promote faster hair growth, and decrease stress and anxiety.",Mostly False,Partly True,
S009,MFCI-2210,"Pfizer has released a list of dangerous side effects of its COVID-19 vaccine, including: Blood thrombosis, Acute kidney injury, Acute flaccid myelitis, Positive antisperm antibodies, Brainstem embolism, Brainstem thrombosis, Cardiac arrest (hundreds of cases), Heart failure, Cardiac ventricular thrombosis, Cardiogenic shock, Central nervous system vasculitis, Neonatal death, Deep vein thrombosis, Brainstem encephalitis, Hemorrhagic encephalitis, Frontal lobe epilepsy, Foaming at the mouth, Epileptic psychosis, Facial paralysis, Fetal distress syndrome, Gastrointestinal amyloidosis, Generalized tonic-clonic seizure, Hashimoto's encephalopathy, Hepatic vascular thrombosis, Herpes zoster reactivation, Hepatitis Immune-mediated, Interstitial lung disease, Jugular vein embolism, Juvenile myoclonic epilepsy, Liver damage, Low birth weight, Multisystem inflammatory syndrome in children, Myocarditis, Neonatal seizure, Pancreatitis, Pneumonia, Stillbirth, Tachycardia, Temporal lobe epilepsy, Testicular autoimmunity, Thrombotic stroke, Type 1 diabetes mellitus, Neonatal venous thrombosis, Vertebral artery thrombosis, Pericarditis, Sudden death.",False,False,
S010,MFCI-1105,"An Instagram reel by thetreat.rinkisah claims: 'We have freed countless people from taking thyroid pills. This home remedy can be prepared right in your kitchen. Whoever understands it should make it, and whoever does not, should share it with others—someone else will understand. It contains black pepper, long pepper, and dry ginger. If you make a powder of these three things and keep it ready, then every morning take just a pinch of this powder—about the size of a chickpea, not more. Put it in your mouth and slowly suck on it so that it mixes with your saliva. This activates the thyroid gland, removes its infection, and makes it function properly. This is the only Ayurvedic formulation that works in thyroid problems. No matter how much money you spend, there is no other cure for thyroid in the world.'",False,False,
S011,MFCI-1543,"According to a Facebook post, it is possible to reverse type 2 diabetes through a workshop. The man featured in the video suggests you can control all the factors responsible for type 2 diabetes like genetics and lifestyle factors.",Mostly False,Mostly False,
S012,MFCI-0634,"According to a Facebook video, bee venom therapy (BVT) can provide significant relief for back pain and can even cure the same. Supporters of BVT suggest that it can relieve back pain by reducing inflammation and promoting healing through the active compounds in the venom.",Mostly False,Mostly False,
S013,MFCI-0603,"A video on Facebook promotes an Ayurvedic product named Zero Tar sold by Hindrishiayurveda.in, claiming that consumption of this product can assist in lung detoxification with natural ingredients and cure lungs affected by pollution and weather changes.",Partly True,Partly True,
S014,MFCI-2703,"Bill Gates discusses using vaccines to control the global population, and this video was 'utterly scrubbed from the internet,' including its original TED Talk source. The post urges viewers to save the video and implies that authorities removed it to suppress the truth.",False,False,
S015,MFCI-2220,"A video on Facebook in the Tagalog language selling a product claiming it cures various stomach illnesses, including ulcers, acid reflux, and bleeding. The post also claims that the product has been approved by the U.S. Food and Drug Administration (FDA).",Mostly False,Mostly False,
S016,MFCI-1232,Onions can be used as a medicine for asthma and can help ease the constriction of bronchial tubes.,Mostly False,Mostly False,
S017,MFCI-1919,"Covid-19 vaccine weakens people's immune systems, like immunotherapy. A British funeral director, John O'Looney, claims in a video: 'So, they've had the jabs (Covid Vaccines) maybe six to eight months ago and it's been eating away at their immune system – and now they're struggling to fight off things like the common cold.' He further adds '(Like cancer patients on chemotherapy,) they've got no immune system – a basic common cold or flu can kill them. And this is what we're seeing now in these jab recipients up and down the country.'",False,False,
S018,MFCI-2502,"A video on Instagram by the name lizardpeopleruntheworld made visual claims in their video by showing the ingredient list in a water bottle that contains sodium bicarbonate and a snap of google which contains side effects of sodium bi carbonate. The video then showed the results of a Google search, suggesting that consuming this sodium bicarbonate could have severe side effects.",Partly True,False,
S019,MFCI-1034,A Facebook post claims groundnuts can naturally tighten the vagina. The social media post even shares a recipe claimed to be supported by references on Google.,False,False,
S020,MFCI-1630,Medical Dialogues reported that certain branded medicines are substandard or unsafe,False,False,
S021,MFCI-1685,World Health Organization (WHO) has banned women of childbearing age from drinking alcohol,Mostly False,Mostly False,
S022,MFCI-1361,"Skipping breakfast can lead to gradual brain damage and an increased risk of memory loss. People who do not have breakfast in the morning experience brain damage slowly, and skipping breakfast for a long time leads to reduced brain capacity and leads to brain damage, which leads to serious problems like increased risk of memory loss.",Partly True,Partly True,
S023,MFCI-1983,Weight loss can be achieved by eating less and exercising more,Partly True,Mostly False,
S024,MFCI-0752,"Consuming a combination of apple and clove can completely eliminate migraines and acidity. The method: inserting seven cloves into an apple, leaving it in a safe place for about 12 hours, removing the cloves, and eating the apple daily on an empty stomach in the morning for 30-40 days (1 to 1.5 months). The post also claims this will heal wounds inside the throat caused by acid reflux affecting the food pipe.",False,False,
S025,MFCI-1004,Drinking a concoction of ginger and clove can help in weight loss.,Partly True,False,
S026,MFCI-0934,Eye exercises can improve vision and reverse the need for spectacles,False,Partly True,
S027,MFCI-2622,"A Facebook post advertising an earwax removal toolkit displays a video which starts with a baby with earwax and then shows how the toolkit works. Its caption also reads, ""Safe and efficient deep cleaning of ears, prevent infection, and relieve itching. The perfect personal care tool for your family.""",Mostly False,Mostly False,
S028,MFCI-2141,"So they're saying that the ""delta variant"" is a covid variant that affects young people aged 12-20…How convenient is that? They want to jab the 12-20 year olds in September and here comes along a ""new variant"" out of nowhere that affects that age group…. lol ….It's not nice to insult people's intelligence but – if you believe that then there's no hope",Partly True,Mostly False,
S029,MFCI-1878,Blue Light from Electronic gadgets are causing deteriorating eye health and eventually leads to blindness,Mostly False,Mostly False,
S030,MFCI-1676,MONKEYPOX is FEAR PORN to force compliance and justify a massive power grab by the WHO and the Davos elite at the World Economic Forum. #Davos #Davos2022 #WEF #Agenda2030 #crushtheNWO,Mostly False,Mostly False,
S031,MFCI-2459,Indian Prime Minister Narendra Modi has declared/imposing a lockdown due to the onset of third wave of Coronavirus infection in India,False,False,
S032,MFCI-1426,"A Facebook reel claims that teeth can be whitened at home using a mixture of toothpaste, coffee, lemon juice, and mustard oil. The caption reads: ""Teeth whitening at home with this my natural recipe #teethwhitening.""",Mostly False,Mostly False,
S033,MFCI-0030,A person can survive solely on dates and water,Partly True,Mostly False,
S034,MFCI-2692,Garlic kills brain Cancer cells without Side effect,Mostly False,Mostly False,
S035,MFCI-1205,Oil pulling with clove and coconut oil can reverse tooth decay,Mostly False,False,
S036,MFCI-2035,"Inhaling infused water steam (with oranges, limes, lemons, onions, garlic, ginger, and basil) prevents COVID-19",Mostly False,Mostly False,
S037,MFCI-1395,"Tap water tests positive for COVID when tested with rapid test strips, indicating that tap water can carry Coronavirus",Mostly False,Mostly False,
S038,MFCI-1609,Dr. Fauci Admits Vaccines Did Not Work as Advertised and that Vaccinated Are in Great Danger Today. The article further claims that Dr. Fauci's advocating the booster dose of COVID-19 vaccine is a clear proof of vaccines being ineffective.,Partly True,False,
S039,MFCI-2052,"An Instagram post claims that boiling lemon peels into a tea can 'flush out' heavy metals, cleanse the blood, and detox organs naturally.",False,False,
S040,MFCI-0031,"A Facebook post claims that a probiotic toothpaste (SP-4 Ultra+ Whitening Probiotic Toothpaste) can instantly make your teeth super white, with complete removal of plaque, tough stains, and significantly brighter teeth after just one brushing. The advertisement video shows very unrealistic results like complete removal of plaque, tough stains, and significantly brighter teeth.",Mostly False,Mostly False,
S041,MFCI-1913,taking too much sugar can cause Diabetes,Mostly False,Mostly False,
S042,MFCI-1113,Kiwi is the most powerful fruit in the world. Consuming it cures eye-related diseases and improves eyesight!,Mostly False,Mostly False,
S043,MFCI-1751,"A post on X by Richard Hirschman shows a picture of a 19-inch long clot removed from an artery, implying such clots are a new phenomenon directly linked to mRNA vaccines (such as those used to prevent COVID-19). The post suggests these clots did not occur before 2021 and that the vaccine is the most likely cause.",False,False,
S044,MFCI-1244,"consuming papaya, banana, and oats can relieve constipation within three days",Mostly False,Mostly False,
S045,MFCI-1954,"An Instagram post suggests that kalonji seeds are extremely powerful, claiming that Ayurveda refers to them as the ""Black Seeds of Miracle"" and that the Quran states these seeds can cure every illness except death. The post goes on to say that the seeds truly live up to the hype. In the accompanying video, it's written that kalonji can cure several health conditions, including diabetes, hair fall, thyroid problems, and more.",False,False,
S046,MFCI-2235,CDC (The Centers for Disease Control and Prevention) has asked people to shave off their facial hair to prevent Coronavirus,False,False,
S047,MFCI-0377,"A YouTube short video claims that a clove of garlic a day can cure Hypertension, listing 9 diseases that can be cured by consuming a clove of garlic daily including high blood pressure, high cholesterol, heart disease, colds and flu, digestive issues, joint pain, cancer prevention, skin infections, and respiratory infections.",False,False,
S048,MFCI-2650,"The worst thing that the Big Pharma has ever done to humanity is the creation of COVID-19 virus, and it's an even worse vaccine which has caused micro clotting in the blood of the population, which is increasing the number of strokes, massive cardiac arrests, and heart attacks. It further claims that vitamin C can dissolve blood clots, ozone therapy can nullify vaccine effects, and the heart has become weaker due to the vaccine, advising against straining it.",Mostly False,Mostly False,
S049,MFCI-0287,"Ginger, honey, garlic, turmeric, cayenne, onion, lime, black pepper, apple cider vinegar, and pineapple are Nature's amoxicillin.",False,False,
S050,MFCI-1039,"In a Facebook video by Foodiesince96, the claimant asserts that gucci mushrooms hold a prestigious status and are often featured in celebratory dishes like gucci rice at weddings. They suggest that many doctors across different specialties recommend these mushrooms to patients, citing potential benefits for individuals with breast and lung cancer.",Mostly False,Mostly False,
S051,MFCI-0456,"If you are troubled by tooth decay and bad breath, then you must try this powerful home remedy. Simply take cloves and cinnamon, grind them into a powder, and mix one teaspoon of clove powder, one teaspoon of cinnamon powder, and one teaspoon of coconut oil in a bowl. Apply this mixture to your teeth, especially where there is pain, and massage gently with your finger. After just 5 minutes, rinse your mouth with water and feel the difference—no pain, no bad breath, and no tooth decay.",Mostly False,Mostly False,
S052,MFCI-2222,WEF Declares Pedophilia 'Sexual Orientation' Must Be Added To LGBTQAI+. The LGBTQAI+ rainbow community must add a P according to the World Economic Forum in Davos which has declared that pedophilia is an acceptable sexual orientation that deserves respect.,Mostly False,False,
S053,MFCI-2668,"Oximeters show readings for non-living objects like pens and biscuits, proving that oximeters are fake and don't work properly",Mostly False,Mostly False,
S054,MFCI-2708,An individual may only need to visit a therapist once in order to receive gender-affirming care.,False,Mostly False,
S055,MFCI-0727,"AN ULTIMATE SOLUTION TO TYPHOID AND A BLOOD BOOSTER. Sometimes because you don't pay for these remedies or because I'm not a medical doctor, you don't value the information, some great information doesn't cost you a penny, and it saves lives. This is Coconut peel, for typhoid or to boost your blood dry it very well with sun and cook it with a pinch of potash, drink a cup morning and night. Check yourself within two weeks and see how typhoid will fly away.",Mostly False,Mostly False,
S056,MFCI-1950,Drinking coriander water induces periods within a day (4 to 5 hours). Women who suffer from PCOD or face delayed periods should try this drink. The drink also reduces cramps and prevents acne before periods.,False,False,
S057,MFCI-2604,"Women should avoid taking baths during the first three days of their periods because it lowers body temperature, disrupts natural blood flow, and causes tiredness.",False,False,
S058,MFCI-1568,Ghanaian Professor Discovers Hydrogen Peroxide as a Silver Bullet in Covid-19 prevention,Partly True,Partly True,
S059,MFCI-1947,COFFEE IS FULL OF CARCINOGENS and MUCH MORE #thematrix#wakeup#conscious#conspriacy #truther#rabbithole,Mostly False,Mostly False,
S060,MFCI-1078,Drinking hot water can thin the blood naturally and be beneficial for high cholesterol levels.,Mostly False,Partly True,
S061,MFCI-2394,"Drinking a juice made from carrot, tomato, onion, and orange can remove cataracts and improve vision",Mostly False,Mostly False,
S062,MFCI-2722,"Dr Naresh Trehan is endorsing a home remedy to cure diabetes, and pharmaceutical companies are hiding natural cures to make money off people's illness.",False,False,
S063,MFCI-0876,Eating almonds reduces belly fat,Mostly False,Mostly False,
S064,MFCI-2258,Amla (Indian gooseberry) is good for skin and helps increase immunity,Partly True,Partly True,
S065,MFCI-1576,American College of Physicians (ACP) 2018 guideline has stated that an HbA1c of 8.4% or postprandial (PP) glucose of 250 mg/dL is not diabetes. Additional claims: Cochrane recommends a blood pressure reading of 160/100 mmHg is normal/acceptable; Cochrane is a government-funded organization.,Mostly False,Mostly False,
S066,MFCI-2661,There's no ebola outbreak at Burning man.. we've received confirmation that it's just a new strain of monkeypox. The national guard is air dropping hundreds of 50 gallon barrels calamine lotion soon! #Nevada#BurningMan2023#burningmanebola,Mostly False,Mostly False,
S067,MFCI-1578,Fauci admits Covid vaccines are spreading disease,Mostly False,Mostly False,
S068,MFCI-1181,Mushrooms and chives given in soup form can cure cancer.,False,False,
S069,MFCI-1830,"A social media video on X purportedly depicting an LGBT Parade in Spain and featuring minors dressed in provocative attire. The post questioned whether pedophilia was publicly accepted in the LGBT community, citing the video as evidence. The original caption claimed that children participating in the carnival in Spain were dressed in girls' clothes and parading through supportive crowds.",Mostly False,Mostly False,
S070,MFCI-1121,"Leech therapy cures cervical pain in 7 sessions. The Instagram reel by sehatplusshorts claims that after about seven sessions, the pain will almost completely disappear.",Partly True,Partly True,
S071,MFCI-2020,Buying ripe bananas. Green stalk with brown spots means they were chemically ripened. Black stalk.. naturally ripened.,False,False,
S072,MFCI-2431,Magnesium deficiency is the sole cause or number one reason for high blood pressure,Mostly False,Mostly False,
S073,MFCI-1914,Cooking in Aluminum foil is the cause of Alzheimer's Disease,Mostly False,Mostly False,
S074,MFCI-1271,"Placing chopped onions on feet and covering it with socks can cure Pneumonia. Flavonoids, absorbed through the pores of the feet, help to remove phlegm from the lungs and treat pneumonia due to their properties.",False,False,
S075,MFCI-2376,"A Facebook reel lists ""mistakes"" to avoid during periods. It says: ❌Avoid hair wash during periods: The body releases heat through menstrual blood. Washing hair with cold water stops the body's natural cleansing process. Taking a head bath during periods should only happen on the fourth day. ❌No exercising: Activities like workouts or travel increase Vata Dosha (an Ayurvedic body element), which is already high during periods, causing imbalance.",Mostly False,Mostly False,
S076,MFCI-0112,"Drinking milk with jaggery before going to bed at night strengthens the digestive system, cures anaemia, and relieves gastric issues.",Partly True,Partly True,
S077,MFCI-1699,PSA: Antibiotics will cancel out your birth control and your doctor will **** forget to tell you that,Mostly False,Mostly False,
S078,MFCI-1407,"In a video posted on Facebook, a man says, ""I got a call from an animal veterinarian in western Oklahoma, who is a college friend and a family friend. He told me this crazy story about a scientist who has been doing cancer research on mice. She had hundreds of mice, and some had cancer all over the body. Her mice population was down within intestinal parasites and she had no choice but to save her research. She gave all of her mice fenbendazole. If you go to any zoo in the world, they bring in fenbendazole by a truckload front-end loader, head-high piles in bays because they give them to every single animal. And she did, and unfortunately or fortunately for all of us, she she accidentally killed all the cancer.""",False,False,
S079,MFCI-0028,"Consuming a mixture of black pepper, nigella seeds, fenugreek seeds, and jamun seed powder on an empty stomach each morning can cure any type of diabetes, regardless of severity, within 3 weeks.",False,Partly True,
S080,MFCI-0162,Dr Anthony Fauci admitted that none of the 72 vaccines currently required for children in the U.S. have ever been safety tested.,Mostly False,False,
S081,MFCI-2349,"Epsom salts are highly toxic and synthetically derived in a laboratory. The post alleges that these salts release sulfuric acid in the bathwater, causing severe tremors in the individual after taking Epsom salt baths. They assert that only Magnesium Flakes (magnesium chloride), mined and considered healthy, should be used, and that Epsom salts are not recommended.",Mostly False,Mostly False,
S082,MFCI-0829,A Facebook post claimed: 'Please read this carefully. My son died because he put a piece of leaf in his mouth and tongue and these swelled to suffocate'. The post exaggerated Dieffenbachia plant's side effects by claiming that touching the plant can make people blind or even kill them.,Mostly False,Mostly False,
S083,MFCI-2054,Marijuana has 34 cures for cancer and is not FDA approved,Mostly False,Mostly False,
S084,MFCI-1871,"Bee sting can kill HIV virus/ cure HIV patient. A Bee Sting, Possible Cure for HIV. Researchers say the hidden cure to the HIV virus that causes AIDS may be in the sting of a bumble bee.",Mostly False,Mostly False,
S085,MFCI-1599,"""Very odd that Covid barely ""mutated"" for a year but once the vaccines rolled out, suddenly a whole Greek alphabet of variants appeared,"" tweeted George Papadopoulos, ex-aide to former President Donald Trump.",False,False,
S086,MFCI-1981,Eating jaggery and onion together can restart height growth after it has stopped.,Mostly False,Mostly False,
S087,MFCI-2627,"A Facebook video showing a person performing CPR on an unconscious individual, claiming it demonstrates the correct lifesaving procedure for heart attack emergencies",False,False,
S088,MFCI-2175,watermelon controls heart rate,Partly True,False,
S089,MFCI-2603,"A Facebook post with the caption, 'Save the high cost of going to the dentist. Repair damaged teeth easily.' shares a video demonstrating the preparation and application of false teeth using tiny beads submerged in hot water, claiming a missing tooth can be replaced with a self-made artificial tooth without a dentist.",Partly True,Mostly False,
S090,MFCI-0735,"Oil pulling can help to heal the gums. One lady told me that she had infected gums called gingivitis. The dentist advised her to take antibiotics. And she asked for my advice. I said to her I wouldn't take the antibiotics. I would oil pull three times a day. And she oil pulled three times a day. She emailed me a week later and said her gums were totally healed. And oil pulling is putting a spoonful of coconut oil in your mouth and then swishing it around. You might swish for 10 seconds, rest for 10 seconds, swish for 10 seconds, rest for 10 seconds, and do it like this for 10 minutes. Now, the reason why it's called oil pulling is it pulls waste out of your tongue. It pulls waste out of the glands and the blood vessels under your tongue. It also seems to pull from the sinuses, and when you've pulled that waste into the oil after 10 minutes, then you release it out.",False,False,
S091,MFCI-1319,"The cure for cancer has already been found with the invention of rife machines, which use resonant frequency therapy to kill cancer cells.",Mostly False,Mostly False,
S092,MFCI-0576,"Drinking a mixture of bay leaves and apple cider vinegar (made by combining half a cup of apple cider vinegar with half a cup of water and adding 5-6 bay leaves, then refrigerating it for an hour) can dissolve gallstones and kidney stones in just three days.",False,False,
S093,MFCI-2340,"An Instagram reel suggests that morning tea is as harmful as poison. It argues that tea, especially when consumed with sugar and milk, feeds bad bacteria in the gut. The post further claims that tea does not clean the stomach as believed but instead triggers dependency.",False,False,
S094,MFCI-2273,Bhut Jolokia (Ghost Pepper) is the world's hottest chili pepper that is cultivated in northeast India,Partly True,Partly True,
S095,MFCI-1307,"putting oil through the nose relieves the blockage of the channels. As a result, it also had a large impact on the greying of hair and its quality in general.",Mostly False,Partly True,
S096,MFCI-0095,"In a Facebook video, Biswaroop Roy Chowdhury claims that immersing oneself in hot water can cure end-stage kidney disease and other conditions such as blocked arteries, hypertension, diabetes, and obesity. He suggests this method can replace dialysis and promote significant weight loss.",False,False,
S097,MFCI-0159,Zee News published a news story in Hindi claiming that India-based Bharat Biotech has already launched a CoronaVirus vaccine named 'Coro-Vac',False,False,
S098,MFCI-0645,Nail biting has been associated with a better functioning immune system because of exposure to germs on a small scale that your body can build antibodies too,Partly True,Partly True,
S099,MFCI-1345,"A Facebook post includes the caption, 'The miracle mineral you're not supposed to know about #selenium #cancer #naturalremedies #holistichealth.' In the video, the narrator claims, 'When selenium is used by itself, there is a dramatic reduction in prostate cancer. It is a remarkable therapeutic agent.' He further explains that since selenium is a naturally occurring substance, it cannot be patented. Consequently, there is no profit margin, and as a result, universities and pharmaceutical companies are not pursuing it.",Mostly False,Mostly False,
S100,MFCI-2208,"Patients admitted to hospital with COVID-19 can die by euthanasia if doctors decide they might not survive, the New Zealand government has declared.",Partly True,Partly True,
S101,MFCI-2030,Weight of human hair is 100-150 grams,Mostly False,Partly True,
S102,MFCI-2304,"The antidote that we've seen now, and we have tons and tons of research, is urine therapy",False,False,
S103,MFCI-0179,"Patents on viruses like AIDS, H1N1, Ebola, SARS, and others demonstrate that these viruses were created or manipulated by organizations for malicious purposes.",Partly True,Partly True,
S104,MFCI-0442,A homemade recipe using tomatoes and coffee can turn grey hair into black permanently.,False,False,
S105,MFCI-2366,Hepatitis B is 100% curable. Do not be deceived.,False,False,
S106,MFCI-1313,"Eating raw onions can flush out toxins and hard food particles that get stuck in the intestines, and raw onions can relieve constipation.",False,False,
S107,MFCI-0706,"Cure to Covid-19 has been found in local fruit Sapota, commonly known as Chikoo.",False,False,
S108,MFCI-2293,"A widely circulated post from Facebook claims that a plant called chhoti dudhiya (Euphorbia thymifolia) is a simple and effective cure for jaundice. The claim advises uprooting the plant, grinding it into a paste, and consuming it with jaggery syrup twice daily. It also mentions that this home remedy can cure jaundice within 15 days.",False,False,
S109,MFCI-1888,chanting the Vitthal mantra can prevent heart attacks and cure heart problems,False,False,
S110,MFCI-0321,"The CDC has asked the FDA to withdraw its emergency use authorization for the Real-Time RT-PCR Diagnostic Panel to test for COVID-19. They found that the test, which has been used to detect COVID-19 since February of 2020, is unable to differentiate between different types of coronaviruses, including telling whether someone has COVID or influenza.",Mostly False,Mostly False,
S111,MFCI-1853,"If there is a lot of anger, then in the morning eat one piece of Amla jam daily",Mostly False,Mostly False,
S112,MFCI-0027,"A Facebook video claims you can cure all kinds of dental problems instantly by using a homemade paste containing ginger, tulsi, lemon, toothpaste, and baking soda. The woman in the video asserts it can offer instant results and cure gum bleeding, gum pain, cavities, and yellowness.",False,False,
S113,MFCI-0968,"A Facebook post titled '4 powerful foods that help control blood pressure naturally' asserts that pomegranate, beetroot, black raisins, and flaxseeds (particularly in powdered form) are effective blood pressure-lowering foods that can reverse high blood pressure naturally.",Mostly False,Mostly False,
S114,MFCI-0212,Can someone explain to me how Harvard university can confirm Fluoride causes cognitive disorders and lowers IQ but it's still in our water?,Mostly False,Mostly False,
S115,MFCI-1028,"This green juice can help you stop taking BP (blood pressure) medicine within seven days. Mint, coriander, spinach, basil, neem, curry leaves – all of these can be chopped and used. Indian gooseberry (amla), spinach – any such green leafy items commonly found at home, which we refer to as green vegetables or leafy greens. These are all rich in chlorophyll. Eat four spoons of this as a chutney daily, or drink this green juice daily. Now, based on your weight, for example, if your weight is 60 kg, then you need to drink about 150 ml of this juice every day, sip by sip. No matter how long you've been on BP medicine, 90% of people reportedly stop needing it within 5 to 7 days.",False,False,
S116,MFCI-2397,"Let's discuss why we take a little pinch of BORAX each day in a glass of water. The woman in the video states that I've been using it for probably over two months now, and I have seen a drastic reduction in my joint pain, not to mention it's believed that it can help break down kidney stones. She furthermore discusses about other health benefits and why can it be used instead of boron tablets.",Partly True,Partly True,
S117,MFCI-0216,Jay Z and Kanye West released a covid song in 2011 to predict the pandemic.,False,False,
S118,MFCI-0690,"A social media post claims that bacteria that causes tooth decay, acne, tuberculosis, pneumonia and leprosy can be killed by eating cashew nuts which are actually seeds.",Mostly False,Mostly False,
S119,MFCI-1381,"According to an Instagram post, keeping potatoes (aloo) and onions (pyaaj) together can be extremely harmful and even kill a child. The video shows a child having a seizure and claims the child died because these vegetables were stored together. It says this is not a rumour but a scientific fact. The post claims onions release a chemical that makes potatoes sprout early, leading to the formation of toxic substances called solanine and chaconine. It warns that these can make the entire family sick, causing symptoms like stomach pain, vomiting, nausea, weakness, diarrhoea, fever, headache, breathlessness, coma, or even death. The video also claims that this is often the hidden reason behind sudden deaths in children.",False,False,
S120,MFCI-1943,Drinking clove water for two weeks before bed can shrink belly fat or give you a flatter tummy.,False,False,
S121,MFCI-1479,"I Reversed My Vein Pain With This 1 Vitamin! Swollen legs? Bulging veins? This secret nutrient did wonders! The method includes taking Vitamin E capsules orally, applying Vitamin E oil topically on veins, and drinking turmeric with warm water to reverse vein pain, reduce bulging veins, and break clots naturally.",False,Partly True,
S122,MFCI-2286,"Cancer is Not a Disease but a Survival Mechanism Trying to Save Your Life. Tumors develop as the body's way of coping with underlying toxicity, emotional stress, or metabolic imbalances. Doctors make money off unhealthy humans. A biopsy pokes the tumor and allows cancer cells and toxins to spread throughout the body. Most people don't die from cancer — they die from the treatment of cancer. So when cancer appears to spread after a biopsy, doctors then charge more money for radiation, chemotherapy, etc.",False,Mostly False,
S123,MFCI-2361,"A post on X (Twitter) makes fun of people who cross dress and calls gender dysphoria a 'Virus'. It says, ""The virus has reached India 🤡🤡""",Partly True,False,
S124,MFCI-1112,Hospitals will be empty when everyone knows that a single cup is enough to cleanse the liver and skin.,Mostly False,Mostly False,
S125,MFCI-1866,"An Ayurvedic remedy consisting of numerous beneficial herbs that enhance blood circulation, mental and physical strength, and heart health is appropriate for people of all ages.",Mostly False,Mostly False,
S126,MFCI-0724,"An Instagram post suggests that clove water, if used topically, can lighten your skin color.",False,False,
S127,MFCI-2649,"According to an Instagram post, the COVID-19 pandemic was intentionally engineered or grossly exaggerated as a pretext for a conspiracy involving governments, major pharmaceutical companies (such as Pfizer and Moderna), large financial institutions (such as BlackRock and Vanguard), and global health organisations (such as the WHO). The primary goals were allegedly to transfer trillions in wealth to elites and establish greater control over the global population.",False,False,
S128,MFCI-0211,A 27-year-old woman named Emily Herbert developed Stevens Johnson Syndrome (SJS) as a side effect of the COVID-19 vaccine. Social media users claimed that SJS was caused by the COVID vaccine.,Mostly False,Mostly False,
S129,MFCI-2742,"Diabetes can be cured in 2 days at Naiminath Homoeopathic Hospital, Agra, India",Mostly False,Mostly False,
S130,MFCI-2053,A viral deepfake video claims that consuming lemon seeds and incorporating them before sleeping can markedly improve male libido.,False,False,
S131,MFCI-1861,"Applying essential ginger oil on belly button can lead to belly drainage, resulting in weight loss",Mostly False,False,
S132,MFCI-0550,Having amla or amla juice regularly can cure hormonal imbalance.,False,False,
S133,MFCI-1127,"Consuming a mixture of lemon (Nimbu), holy basil (tulsi ke patte), and coconut water (nariyal pani) will remove any and every type of kidney stone in just one day. The post guarantees a permanent cure with no recurrence.",Mostly False,Partly True,
S134,MFCI-0787,CDC Director Rochelle Walensky stated that Covid-19 vaccines cannot prevent transmission. Social media users claimed this proves Covid-19 vaccines are not capable of stopping the virus spread.,False,Partly True,
S135,MFCI-2641,"A 22-point advisory in Bengali about what to do over next several months to prevent yourself from Coronavirus, claiming to be from Dr. Devi Shetty",Mostly False,Mostly False,
S136,MFCI-1797,"According to a video on Threads, the effectiveness of vaccines against infections is zero. The excess mortality we are witnessing is very likely related to the vaccine. The video features Dr Aseem Malhotra.",False,False,
S137,MFCI-0057,"An Instagram reel by parveen_udaan with the caption 'दवाइयों का विकल्प आपकी रसोई मे रखा है' (medicine alternative is in your kitchen) promotes kitchen ingredients for several health-related issues: people with bad headaches should consume bananas, forgetful individuals with memory issues should drink more milk, dry-haired people should have capsicum, curd is the option for bloating, and stressed people may take green tea.",Mostly False,Mostly False,
S138,MFCI-0247,"A YouTube shorts video shows a man showing a cut chicken with black materials in the belly, claiming it is black fungus and that it has started spreading among chickens and can now affect humans.",Mostly False,Mostly False,
S139,MFCI-1523,"Take 2-3 spoons of baking soda and enough water to make a smooth paste. Now apply this paste to the neck and let it dry. Once dried completely, scrub it off using wet fingers. Now wash the area with water.",False,Mostly False,
S140,MFCI-2745,"Rubbing a cow's back can reduce high blood pressure medication dosage from 20 mg to 10 mg within 10 days, and lying down where a cow sits and cleaning the cowshed area can cure cancer.",False,False,
S141,MFCI-2593,"New variant B.1.1.529 is named as #OMICRON….Stay at Home From A Doctors' group RSA…..The virus is back, this time with more energy, tactics and camouflage. We don't cough, No fever, it's joint pain, weakness, Loss of appetite and Covid pneumonia! Of course, the death rate is higher, it takes less time to get to the extreme. Sometimes no symptoms … let's be careful … The strain is not domiciled in our nasopharyngeal region! It directly affects the lungs, which means window periods are shortened. I have seen a number of patients without fever, but an x-ray report shows moderate chest pneumonia! The nasal swab is often negative for COVID19! There are more and more false pharyngeal nasal tests #COVID19) … which means that the virus spreads directly to the lungs causing acute respiratory distress due to viral pneumonia! This explains why it has become acute and more fatal !!!Be careful, avoid crowded places, wear a face mask, wash your hands often.*WAVE* more deadly than the first.",False,False,
S142,MFCI-0673,"Inspired by my own recent knee injury, I am showing you how you can make a simple, inexpensive but effective cabbage leaf wrap to decrease joint pain and swelling.",Partly True,Partly True,
S143,MFCI-1755,"A Facebook post claims that onion and beetroot can cure piles in 7 days, even in people who have had the condition for many years.",Mostly False,False,
S144,MFCI-1376,St. John's Wort is a herbal cure for depression and is more effective than anti-depressants,Partly True,Partly True,
S145,MFCI-0334,"Women should stop using tampons as it pushes the flow back up and the endometrium cells get misplaced in the belly cavity, which can cause tremendous pain with a condition called endometriosis.",False,False,
S146,MFCI-1284,"If you want to get rid of acne scars quickly, try using potato juice. Potatoes are rich in vitamins and minerals, which help your skin to heal. Slice a potato and put the slices on your face for 15 minutes, then rinse the juice off your face with warm water.",Partly True,False,
S147,MFCI-1110,A widely shared Facebook post captioned 'Stone Breaker plant' advertises a herbal remedy for kidney stones prepared by boiling Bhumi Amla leaves.,Mostly False,Mostly False,
S148,MFCI-2085,A new study from Sweden published in the Current Issues of Molecular Biology says messenger RNA (mRNA) from Pfizer's COVID vaccine is able to enter human liver cells and is converted into DNA. This process happens as fast as SIX HOURS after getting vaccinated. Also: BOMBSHELL: Biological Study PROVES Pfizer mRNA Vaccine Permanently Alters Human DNA.,False,Partly True,
S149,MFCI-2057,"Pericardium 6 is literally the button for the heart, it helps regulate its rhythm, which calms the spirit and has a ripple effect on overall health and well being. Grab the free acupressure ebook in my bio to learn more life changing points 🙂 #acupressure #brokenheart #chestpain",Mostly False,Mostly False,
S150,MFCI-1996,"A Pinterest account uploaded a video demonstrating a recipe that involves blending turmeric, banana, and onion into a drink, falsely claiming that it can cure joint pain and arthritis in 3 days.",False,False,
S151,MFCI-1433,"If you want to grow your hair long, then you must trim your hair. Doing trimming helps you to remove the split ends that are inhibiting the growth of hairs. Split ends for a long time can make your hair thin and lead to unexpected high breakage. Thus, you must trim hair and look for a salon where you can get trim better as doing it wrong may result worse than you have expected.",Mostly False,Mostly False,
S152,MFCI-0569,"Anulom Vilom (alternate nostril breathing) can cure migraine in 3 minutes and bring high blood pressure under control in 5 minutes. The claim is based on the idea that the right nostril is associated with the Surya Nadi (sun channel) which generates heat, while the left nostril activates the Chandra Nadi (moon channel) which brings coolness and calmness — so breathing only through the left nostril can stimulate cooling energy, relieve headache, ease migraine, and normalize high BP.",False,False,
S153,MFCI-1714,"BREAKING: COVID SHOTS INSTALLED NANOBOTS New Japanese study proves Pfizer and Moderna v*ccines contain unauthorized ""animated worm-like"" entities, invisible to the human eye, which swim, wiggle, and assemble themselves into complex structures, which cause clots inside the body. The post also claims this can cause ""turbo cancer"" and autoimmune diseases, referencing a study by Dr Young Mi Lee and Dr Daniel Broudy from Okinawa Christian University. The claim also involves conspiracy theories about the ""Internet of Bodies"" and synthetic ""Biohybrid Magnetic Robots.""",False,Partly True,
S154,MFCI-1432,"An social media post/reel shows that through the application of a transdermal patch, a person lost a lot of weight. A WhatsApp number is also provided in the post to place an order.",False,False,
S155,MFCI-2424,Breaking: You can now sue the mRNA COVID vaccine manufacturers for damages and the FDA is required to take the COVID vaccines off the market. Why? Adulteration. The plasmid bioactive contaminant sequences were NOT pointed out to the regulatory authorities.,Partly True,False,
S156,MFCI-1447,Turmeric can purify blood,False,False,
S157,MFCI-1805,"Women Store DNA From Every Man They've Ever Made Love With, Study Finds - women retain and store, for life, the DNA of every man they've ever had sexual intercourse with through male microchimerism",Mostly False,Mostly False,
S158,MFCI-0304,"An Instagram video suggests that moringa seeds are highly effective in managing diabetes. It recommends that people eat three seeds during the day and three seeds at night. One can either crush or boil and strain, and then consume the drink on an empty stomach. It also refers to the moringa tree as the 'tree of life' due to its numerous health benefits.",Mostly False,Mostly False,
S159,MFCI-1006,"According to an Instagram post, you can get rid of head lice in just one use. The video suggests that using a mixture of ginger (adrak) and lemon juice with shampoo is a 100% guaranteed home remedy that can remove all head lice in just one use, leaving the hair as if lice were never present.",Mostly False,Partly True,
S160,MFCI-0808,Dandelion Root may kill 98% of Cancer cells in 48 hours,Partly True,Partly True,
S161,MFCI-0034,"A video on Instagram claims that positive affirmations can cure hypertension. According to the video, hypertension is considered a lifestyle condition and is no longer viewed as a disease. The speaker states that the causes of hypertension include genetic factors, smoking, being overweight, work stress, and most importantly, emotional reasons. Referencing Louise Hay, the speaker claims that individuals suffering from hypertension may have unresolved long-standing emotional problems. She suggests that affirmations said with conviction can cure hypertension. The recommended practice involves placing a hand on the heart and joyously saying, 'I release the past, and I am at peace.' This affirmation should be repeated 21 times a day for 21 days. The speaker assures this method will lead to a cure.",False,False,
S162,MFCI-1190,"A widely shared Facebook reel asserts a natural way to reverse or prevent premature greying of hair. Furthermore, the claim implies that kalonji seeds, mustard oil, bhringraj, and mehndi powder combined in an iron wok (kadhai) are not only useful for premature greying, but that the natural preparation may enhance hair health and reduce hair fall.",Mostly False,Mostly False,
S163,MFCI-2329,"Disney confirmed its intention to construct a roller coaster focused on euthanasia, aimed at providing a supposedly peaceful and enjoyable means of ending individuals' lives. Headline: 'Confirmed: Disney is Building an Euthanasia Roller Coaster'.",Partly True,Partly True,
S164,MFCI-2267,"According to scientific reports, humans only need to shower every 2-3 days. A daily shower can cause irritated and cracked skin",Mostly False,Mostly False,
S165,MFCI-1457,"Fluoride toothpaste is recommended but; fluoride is toxic, it can lower your IQ and damage cells.",False,False,
S166,MFCI-1611,"Dr. Anthony Stephen Fauci, former director of the U.S. National Institute of Allergy and Infectious Diseases, declared that all individuals who have not received the COVID-19 vaccine must be placed under lockdown.",False,False,
S167,MFCI-2542,Pfizer has released a new drug named 'Pfivermectin' to combat COVID-19,False,False,
S168,MFCI-0703,An Instagram post claims that eating fennel seeds/saunf daily can help prevent hair loss.,Mostly False,Mostly False,
S169,MFCI-0194,Every cell in the human body regenerates over a seven-year period. It further suggests that you become a new person every seven years.,False,False,
S170,MFCI-0337,"The People’s Voice article from June 29, 2023 falsely alleges that the doctors in the Netherlands are euthanizing citizens with autism and other minor disabilities, without fear of prosecution even if the patient no longer wishes to die. The headline states, ""Netherlands Begins Euthanizing Disabled People To 'Save the Planet'""",Mostly False,Mostly False,
S171,MFCI-0549,Having Amla regularly brings women menstrual cycle back to normal. Amla juice is known to improve mental health and cure hormonal imbalance.,False,False,
S172,MFCI-0857,Drinking raisin water daily with empty stomach for 30–45 days. It helps to remove acne/pimples providing glowing skin. It works as a blood purifier.,False,False,
S173,MFCI-1562,"A WhatsApp message claims that Dr. Ansari and Dr. Limaye of Nanavati Hospital have given a set of treatment recommendations for COVID patients - Vitamin C, warm water with lemon, ginger and jaggery mixed with ghee, hot milk with turmeric and steam once a day. The claim also suggests that the hospital is following this treatment with all its patients.",Partly True,False,
S174,MFCI-1979,Eating flaxseeds can enhance breast size by boosting oestrogen levels,Mostly False,False,
S175,MFCI-1213,The combination of coffee and baby oil can successfully clear dark circles,False,False,
S176,MFCI-0496,"By drinking slimming tea, one can reduce 5 kg in ten days",False,False,
S177,MFCI-2619,"We have been brainwashed into using toothpaste and it should never be used as it contains various chemicals, such as fluoride and is made by secret individuals in the lab. It further states that can hamper the brain, making it function at low levels and develop conditions, such as dementia.",False,False,
S178,MFCI-2492,"A Facebook post claims 'Meet Lebo Moatshe from South Africa who successfully removed HIV from a sperm cell in a lab which is a huge medical breakthrough. ""I've done 20 semen decontamination procedures (removing HIV from semen) so far and I managed to successfully remove the virus from all semen samples"" she said.'",False,False,
S179,MFCI-1856,"A viral Instagram reel claims that a mix of soda, coffee, Colgate toothpaste, tomato juice, and lemon juice cleans your underarms in 5 minutes and permanently prevents hair growth.",Mostly False,Partly True,
S180,MFCI-0977,"Frankincense oil has been used to treat ovarian, breast, and skin cancers. A 2015 study found that breast cancer cells stopped growing when exposed to frankincense oil!",Mostly False,Mostly False,
S181,MFCI-1458,"An Instagram video suggests that dipping a bronze bowl in ghee and massaging the feet can release toxins, reduce acidity, and heat from the body, improve sleep, and nourish nerve endings, as part of a practice called Padabhyanga. The black residue on the skin is evidence of toxins being pulled out.",Mostly False,Mostly False,
S182,MFCI-1987,Papaya during pregnancy is unsafe as eating it can lead to miscarriage,Mostly False,Mostly False,
S183,MFCI-1738,Home remedies such as consuming garlic and applying coconut oil can treat Candida overgrowth,Partly True,False,
S184,MFCI-2421,Spiny Gourd or Kantola is the most powerful vegetable in Ayurveda and is 50 times more powerful and protein-rich than beef or chicken.,False,False,
S185,MFCI-0509,A social media video advertising Jaysuing's anti-cellulite body shaper spray claims it can magically remove cellulose completely and transform your body into a muscular one.,Mostly False,Mostly False,
S186,MFCI-1998,Watermelon injected with artificial colour and chemicals causes cancer,Partly True,Partly True,
S187,MFCI-0606,"In CANCER treatment, SODIUM BICARBONATE is the PERFECT MEDICINE.",False,False,
S188,MFCI-0868,A website post titled '8 Home Remedies to Naturally Get Rid of Tooth Cavity' is currently circulating widely. The post suggests using a mixture of powdered or dusted eggshells and baking soda to restore enamel.,Mostly False,Mostly False,
S189,MFCI-1499,"A Facebook post lists eight harmful effects of eating wheat roti, including gas, swelling, constipation, skin allergies such as itching and rashes, nasal blockage, sneezing, breathing problems, fat storage due to wheat's carbohydrates, migraines, and throat infections. It implies that regular consumption of wheat roti could be harmful for most people and suggests it should be restricted or avoided.",Mostly False,Partly True,
S190,MFCI-1192,"He is Dr Alok from Sarvodaya Hospital Faridabad, He has shown an excellent technique using nebulizer to improve the levels of blood oxygen level. In today's scenario of Oxygen crisis this can save lives of many. Proning is also a technique but request everyone to watch it once.",Partly True,Partly True,
S191,MFCI-2592,"The NEET PG 2025 exam has been rescheduled to 17th August 2025, with the cut-off date for eligibility continuing to be 15th August 2025, attributed to the National Board of Examinations in Medical Sciences (NBEMS).",False,False,
S192,MFCI-2155,Toothpaste causes cancer due to the presence of a cancer-inducing agent. The post suggests using powdered dental preparations like manjan and neem sticks instead of toothpaste.,Partly True,Partly True,
S193,MFCI-0208,"Fabiflu 200 mg. has been priced at Rs.103 per tablet by Glenmark. After my inquest, I found, already there exists a brand of Favipiravir in the Indian market with the brand name 'LIVFAVIR' marketed by a Mumbai based company Livealth Biopharma Private Limited — and a ten tablets strip of Livfavir 200mg. costs Rs.200 — means Rs.20 per tablet (less than 1/5 of Glenmark brand)",Mostly False,Mostly False,
S194,MFCI-1263,"A Facebook reel with the caption, ""If you don't want to have a stroke try it"" shares a video where one pinches the fingertips for 5-10 minutes a day. It states that ""Pinch gingers can dilate blood vessels, increase blood vessels elasticity""",Mostly False,Mostly False,
S195,MFCI-1648,Russian President Vladimir Putin has ordered the destruction of all COVID vaccines in Russia,Mostly False,Mostly False,
S196,MFCI-0385,"Applying a cream made from carrot juice, coconut oil, almond oil, and Vaseline every night before bed can eliminate wrinkles overnight.",Partly True,Partly True,
S197,MFCI-0372,An Instagram post recommends that the consumption of a fine formulation consisting of Tukham siras and kalonji seeds can aid the removal of brain tumours without surgical intervention.,False,False,
S198,MFCI-2587,The Head of the World Health Organization admits he has not received the COVID vaccine / Head of World Health Organization admits he's unvaccinated,False,False,
S199,MFCI-2149,Pfizer document drop with 80k pages revealing Pfizer vaccine has only 12% efficacy rate and extremely dangerous for pregnant women. For this vaccine pappu an his LeLi gang did protest,Partly True,Mostly False,
S200,MFCI-1196,Neem leaves powder can cure corona within hours please share this video allah had blessed us with the corona vaccine,Mostly False,Mostly False,
